CostRatio,MeanPerformanceRatio,MeanRegret
0.1,0.989007902301239,0.703565363857214
0.5,0.997038305236024,1.1577859173363
1,0.998159524438506,1.54677815448326
2.5,0.998751188439618,0.564978867329055
5,0.999009744076046,0.930875994183608
10,0.999257707521848,0.715574751046743
